[
  {
    "Id": 0,
    "ModelName": "The Savy Stock",
    "IdleRPM": 1000,
    "RedLineRPM": 6500,
    "MaxRPM": 8000,
    "MinTorque": 15,
    "MaxTorque": 40,
    "Cost": 1
  },
  {
    "Id": 0,
    "ModelName": "The Soccer Mom",
    "IdleRPM": 1100,
    "RedLineRPM": 6500,
    "MaxRPM": 8000,
    "MinTorque": 20,
    "MaxTorque": 45,
    "Cost": 2
  },
  {
    "Id": 0,
    "ModelName": "The Mean Muscle",
    "IdleRPM": 1200,
    "RedLineRPM": 6500,
    "MaxRPM": 8000,
    "MinTorque": 25,
    "MaxTorque": 50,
    "Cost": 3
  }
]